"";"seq";"name";"importance"
"1";"TGAGGAATATTGGTCAATGGACGCAAGTCTGAACCAGCCATGCCGCGTGCAGGATGACGGTCCTATGGATTGTAAACTGCTTTTGTACGAGAAGAAACACTCCTTCGTGAAGGAGCTTGACGGTATCGTAAGAATAAGGATCGGCTAACTCCGTGCCAGCAGCCGCGGTAATACGGAGGATCCAAGCGTTATCCGGAATCATTGGGTTTAAAGGGTCCGTAGGCGGTTTAGTAAGTCAGTGGTGAAAGCCCATCGCTCAACGGTGGAACGGCCATTGATACTGCTGAACTTGAATTATTAGGAAGTAACTAGAATATGTAGTGTAGCGGTGAAATGCTTAGATATTACATGGAATACCAATTGCGAAGGCAGGTTACTACTAATGGATTGACGCTGATGGACGAAAGCGTGGGGAGCGAACAGG";"ASV_205_Flavobacterium";100
"2";"TGGGGAATATTGGACAATGGGCGCAAGCCTGATCCAGCCATACCGCGTGGGTGAAGAAGGCCTTCGGGTTGTAAAGCCCTTTTGTTGGGAAAGAAATCCATCTGGTTAATACCCGGGTGGGATGACGGTACCCAAAGAATAAGCACCGGCTAACTTCGTGCCAGCAGCCGCGGTAATACGAAGGGTGCAAGCGTTACTCGGAATTACTGGGCGTAAAGCGTGCGTAGGTGGTCGTTTAAGTCCGTTGTGAAAGCCCTGGGCTCAACCTGGGAACTGCAGTGGATACTGGGCGACTAGAATGTGGTAGAGGGTAGCGGAATTCCTGGTGTAGCAGTGAAATGCGTAGAGATCAGGAGGAACATCCATGGCGAAGGCAGCTACCTGGACCAACATTGACACTGAGGCACGAAAGCGTGGGGAGCAAACAGG";"ASV_3160_Stenotrophomonas";94,7499151375889
"3";"TGGGGAATATTGGACAATGGGCGAAAGCCTGATCCAGCAATGCCGCGTGAGTGATGAAGGCCCTAGGGTTGTAAAGCTCTTTTACCCGGGATGATAATGACAGTACCGGGAGAATAAGCTCCGGCTAACTCCGTGCCAGCAGCCGCGGTAATACGGAGGGAGCTAGCGTTGTTCGGAATTACTGGGCGTAAAGCGCACGTAGGCGGCGACTCAAGTCAGAGGTGAAAGCCTGGAGCTCAACTCCAGAACTGCCTTTGAAACTAGGTTGCTTGAATCCGGGAGAGGTGAGTGGAATTCCGAGTGTAGAGGTGAAATTCGTAGATATTCGGAAGAACACCAGTGGCGAAGGCGGCTCACTGGACCGGTATTGACGCTGAGGTGCGAAAGCGTGGGGAGCAAACAGG";"ASV_5778_Unknown_genus_in_Sphingomonadaceae";83,5635393258098
"4";"TGGGGAATATTGCACAATGGGCGCAAGCCTGATGCAGCCATGCCGCGTGTATGAAGAAGGCCTTAGGGTTGTAAAGTACTTTCAGCGAGGAGGAAGGGGGTGAGGTTAATAACCGCATTCATTGACGTTACTCGCAGAAGAAGCACCGGCTAACTCCGTGCCAGCAGCCGCGGTAATACGGAGGGTGCAAGCGTTAATCGGAATTACTGGGCGTAAAGCGCACGCAGGCGGTTTGTTAAGTCAGATGTGAAATCCCCGGGCTCAACCTGGGAACTGCATTTGAAACTGGCAAGCTTGAGTCTTGTAGAGGGGGGTAGAATTCCAGGTGTAGCGGTGAAATGCGTAGAGATCTGGAGGAATACCGGTGGCGAAGGCGGCCCCCTGGACAAAGACTGACGCTCAGGTGCGAAAGCGTGGGGAGCAAACAGG";"ASV_102_Unknown_genus_in_Enterobacteriaceae";82,8010451590982
"5";"TGGGGAATTTTGGACAATGGGCGAAAGCCTGATCCAGCAATGCCGCGTGCAGGATGAAGGCCCTCGGGTTGTAAACTGCTTTTGTACGGAACGAAAAGCCTGGGGCTAATATCCTCGGGTCATGACGGTACCGTAAGAATAAGCACCGGCTAACTACGTGCCAGCAGCCGCGGTAATACGTAGGGTGCAAGCGTTAATCGGAATTACTGGGCGTAAAGCGTGCGCAGGCGGTTTTGTAAGACAGTGGTGAAATCCCCGGGCTCAACCTGGGAACTGCCATTGTGACTGCAAGGCTAGAGTGCGGCAGAGGGGGATGGAATTCCGCGTGTAGCAGTGAAATGCGTAGATATGCGGAGGAACACCGATGGCGAAGGCAATCCCCTGGGCCTGCACTGACGCTCATGCACGAAAGCGTGGGGAGCAAACAGG";"ASV_520_Unknown_genus_in_Unknown_phylum";81,8527456039689
"6";"TGGGGAATATTGGACAATGGGCGGAAGCCTGATCCAGCCATGCCGCGTGTGTGAAGAAGGCCTTATGGTTGTAAAGCACTTTAAGCGAGGAGGAGGCTACTTAGATTAATACTCTAGGATAGTGGACGTTACTCGCAGAATAAGCACCGGCTAACTCTGTGCCAGCAGCCGCGGTAATACAGAGGGTGCGAGCGTTAATCGGATTTACTGGGCGTAAAGCGTGCGTAGGCGGCTTTTTAAGTCGGATGTGAAATCCCCGAGCTTAACTTGGGAATTGCATTCGATACTGGGAAGCTAGAGTATGGGAGAGGATGGTAGAATTCCAGGTGTAGCGGTGAAATGCGTAGAGATCTGGAGGAATACCGATGGCGAAGGCAGCCATCTGGCCTAATACTGACGCTGAGGTACGAAAGCATGGGGAGCAAACAGG";"ASV_1389_Acinetobacter";81,8517352037955
"7";"TGGGGAATATTGGACAATGGGCGAAAGCCTGATCCAGCCATGCCGCGTGAGTGATGAAGGCCTTAGGGTTGTAAAGCTCTTTCGACGGGGACGATAATGACGGTACCCGTAGAAGAAGCCCCGGCTAACTTCGTGCCAGCAGCCGCGGTAATACGAAGGGGGCTAGCGTTGCTCGGAATCACTGGGCGTAAAGGGCGCGTAGGCGGCCATTCAAGTCAGAGGTGAAAGCCCAAGGCTCAACCTTGGAATTGCCTTTGATACTGTTTGGCTTGAGACCGGAAGAGGTTAGTGGAACTGCGAGTGTAGAGGTGAAATTCGTAGATATTCGCAAGAACACCAGTGGCGAAGGCGGCTAACTGGTCCGGTTCTGACGCTGAGGCGCGAAAGCGTGGGGAGCAAACAGG";"ASV_1154_Unknown_genus_in_Beijerinckiaceae";81,3695045106824
"8";"TGGGGAATATTGGACAATGGGCGCAAGCCTGATCCAGCCATGCCGCGTGAGTGATGAAGGCCTTAGGGTTGTAAAGCTCTTTCACCGGAGAAGATAATGACGGTATCCGGAGAAGAAGCCCCGGCTAACTTCGTGCCAGCAGCCGCGGTAATACGAAGGGGGCTAGCGTTGTTCGGAATTACTGGGCGTAAAGCGCACGTAGGCGGATATTTAAGTCAGGGGTGAAATCCCGGGGCTCAACCCCGGAACTGCCTTTGATACTGGGTATCTTGAGTATGGAAGAGGTAAGTGGAATTGCGAGTGTAGAGGTGAAATTCGTAGATATTCGCAGGAACACCAGTGGCGAAGGCGGCTTACTGGTCCATTACTGACGCTGAGGTGCGAAAGCGTGGGGAGCAAACAGG";"ASV_6053_Allorhizobium.Neorhizobium.Pararhizobium.Rhizobium";81,2843030613092
"9";"TGGGGAATTTTGGACAATGGGCGAAAGCCTGATCCAGCAATGCCGCGTGCAGGATGAAGGCCCTCGGGTTGTAAACTGCTTTTGTACGGAACGAAAAGCCTGGGGCTAATATCCCCGGGTCATGACGGTACCGTAAGAATAAGCACCGGCTAACTACGTGCCAGCAGCCGCGGTAATACGTAGGGTGCAAGCGTTAATCGGAATTACTGGGCGTAAAGCGTGCGCAGGCGGTTTTGTAAGACAGTGGTGAAATCCCCGGGCTCAACCTGGGAACTGCCATTGTGACTGCAAGGCTAGAGTGCGGCAGAGGGGGATGGAATTCCGCGTGTAGCAGTGAAATGCGTAGATATGCGGAGGAACACCGATGGCGAAGGCAATCCCCTGGGCCTGCACTGACGCTCATGCACGAAAGCGTGGGGAGCAAACAGG";"ASV_77_Ciliophora";80,0934614585679
"10";"TTGGGAATCTTGGACAATGGGGGAAACCCTGATCCAGCCATGCCGCGTGAGTGATGAAGGCCTTCGGGTTGTAAAACTCTTTCGCGCACGACGATAATGACGGTAGTGCGAGAAGAAGCTCCGGCTAACTTCGTGCCAGCAGCCGCGGTAATACGAAGGGGGCTAGCGTTGTTCGGAATTACTGGGCGTAAAGCGCGCGCAGGCGGCTATCCAAGTCAGTGGTGAAAGCCCGGAGCTCAACTCCGGAACTGCCATTGAAACTGTTTAGCTTGAGGACGAGAGAGGTGAGTGGAATTCCCAGTGTAGAGGTGAAATTCGTAGATATTGGGAAGAACACCGGTGGCGAAGGCGGCTCACTGGCTCGTATCTGACGCTCAGGCGCGACAGCGTGGGGATCAAACAGG";"ASV_6784_uncultured";79,1641911872097
"11";"TGGGGAATCTTGCACAATGGGGGCAACCCTGATGCAGCGACGCCGCGTGAGCGATGAAGCCCTTCGGGGTGTAAAGCTCTTTCGGCAGGGACGATAATGACGGTACCTGAAGAAGAAGCTGCGGCTAACTACGTGCCAGCAGCCGCGGTAATACGTAGGCAGCGAGCGTTGTTCGGAATTACTGGGCGTAAAGAGTGTGTAGGCGGTGCTCTAAGTTCGGTGTGAAATCTCCCGGCTCAACTGGGAGGGTGCGCCGGAAACTGGAGTGCTCGAGCGTGGGAGAGGAAAGCGGAATTCCTGGTGTAGCGGTGAAATGCGTAGATATCAGGAGGAACACCTGTGGTGTAGACGGCTTTCTGGACCATTGCTGACGCTGAGACACGAAAGCGTGGGTAGCAAACAGG";"ASV_5043_Bryobacter";78,3081877174221
"12";"TGGGGAATATTGGACAATGGGCGCAAGCCTGATCCAGCAATGCCGCGTGGATGAAGAAGGTTTTCGGATTGTAAAGTCCTTTCGGCGGGGACGATGATGACGGTACCCGCAGAAGAAGCCCCGGCTAACTTCGTGCCAGCAGCCGCGGTAATACGAAGGGGGCTAGCGTTGCTCGGAATGACTGGGCGTAAAGGGCGCGTAGGCGGACGGCTTTGTCGGGCGTGAAATTCCAGGGCTTAACCTTGGGGCTGCGTTCGAGACGGGTTGTCTTGAGTTTGGAAGAGGGTCGTGGAATTCCCAGTGTAGAGGTGAAATTCGTAGATATTGGGAAGAACACCGGTGGCGAAGGCGGCGACCTGGTCCTTGACTGACGCTGAGGCGCGAAAGCGTGGGGAGCAAACAGG";"ASV_1012_Acidiphilium";76,4791256168285
"13";"TAGGGAATCTTCGGCAATGGACGAAAGTCTGACCGAGCAACGCCGCGTGAGTGAAGAAGGTTTTCGGATCGTAAAACTCTGTTGGTAGAGAAGAACGTTGGTGAGAGTGGAAAGCTCATCAAGTGACGGTAACTACCCAGAAAGGGACGGCTAACTACGTGCCAGCAGCCGCGGTAATACGTAGGTCCCGAGCGTTGTCCGGATTTATTGGGCGTAAAGCGAGCGCAGGTGGTTTATTAAGTCTGGTGTAAAAGGCAGTGGCTCAACCATTGTATGCATTGGAAACTGGTAGACTTGAGTGCAGGAGAGGAGAGTGGAATTCCATGTGTAGCGGTGAAATGCGTAGATATATGGAGGAACACCGGTGGCGAAAGCGGCTCTCTGGCCTGTAACTGACACTGAGGCTCGAAAGCGTGGGGAGCAAACAGG";"ASV_667_Unknown_genus_in_Unknown_phylum";75,7237603074107
"14";"TAGGGAATATTGGGCAATGGGCGAAAGCCTGACCCAGCCATGCCGCGTGCCGGATGAAGGCGCTCAGCGTTGTAAACGGCTTTTACCGAGGAAGAACGGCAGTCTTGCGGGATTGCGTGACGGTACTCGGGGAAGAAGCACCGGCTAACTCCGTGCCAGCAGCCGCGGTAATACGGAGGGTGCGAGCGTTGTCCGGATTTATTGGGTTTAAAGGGTGCGTAGGTGGATCGTTAAGTCTGGTTTGAAAGCCGGTGGCTCAACCATCGGATGTGGCTGGAAACTGGGGATCTTGAATGGGTTGGCGGCTGCCGGAACGGGTCATGTAGCGGTGAAATGCATAGAGATGACCCAGAACTCCGATTGCGAAGGCAGGCAGCTAGGACCAGAATTGACACTGAGGCACGAGAGCATGGGGAGCCAACAGG";"ASV_6236_Spirosoma";73,8476428547162
"15";"TGGGGAATATTGGACAATGGGCGCAAGCCTGATCCAGCCATGCCGCGTGAGTGATGAAGGCCTTAGGGTTGTAAAGCTCTTTTGGCGGGGACGATAATGACGGTACCCGCAGAATAAGTCCCGGCTAACTTCGTGCCAGCAGCCGCGGTAATACGAAGGGGACTAGCGTTGTTCGGAATCACTGGGCGTAAAGCGCACGTAGGCGGATTTGTAAGTCAGGGGTGAAATCCCGGGGCTCAACCTCGGAACTGCCTTTGATACTGCGGATCTCGAGTCCGATAGAGGTGGGTGGAATTCCTAGTGTAGAGGTGAAATTCGTAGATATTAGGAAGAACACCGGTGGCGAAGGCGGCCCACTGGATCGGTACTGACGCTGAGGTGCGAAAGCGTGGGGAGCAAACAGG";"ASV_3374_Hyphomicrobium";72,9189710235176
"16";"TGGGGAATATTGGACAATGGGCGCAAGCCTGATCCAGCAATGCCGCGTGAGTGATGAAGGCCTTAGGGTTGTAAAGCTCTTTCGCACGCGACGATGATGACGGTAGCGTGAGAAGAAGCCCCGGCTAACTTCGTGCCAGCAGCCGCGGTAATACGAAGGGGGCTAGCGTTGTTCGGAATTACTGGGCGTAAAGGGCGCGCAGGCGGCTATTCGAGTCAGATGTGAAAGCCCCGGGCTCAACCTGGGATGTGCATTTGAGACTGGATGGCTAGAGATCGGGAGAGGAGAGTGGAATTCCCAGTGTAGAGGTGAAATTCGTAGATATTGGGAAGAACACCGGTGGCGAAGGCGGCTCTCTGGACCGATACTGACGCTGAGGCGCGAAAGCGTGGGGAGCAAACAGG";"ASV_6657_uncultured";72,6439349766466
"17";"TGGGGAATATTGGACAATGGGCGCAAGCCTGATCCAGCAATGCCGCGTGAGTGATGAAGGCCTTCGGGTTGTAAAGCTCTTTCGCCCGCGACGATGATGACGGTAGCGGGAGAAGAAGCCCCGGCTAACTTCGTGCCAGCAGCCGCGGTAATACGAAGGGGGCGAGCGTTGTTCGGAATCACTGGGCGTAAAGGGCGCGTAGGCGGCCCTCCTTGTCGCGTGTGAAAGCCCCGGGCTCAACCTGGGAACGGCGCGCGAGACGGGGGGGCTGGAGTTCGGGAGAGGAGCGTGGAATTCCCAGTGTAGAGGTGAAATTCGTAGATATTGGGAAGAACACCGGTGGCGAAGGCGGCGCTCTGGACCGAGACTGACGCTGAGGCGCGAAAGCGTGGGGAGCAAACAGG";"ASV_4290_uncultured";72,4287014509857
"18";"TGGGGAATTTTGGACAATGGGCGCAAGCCTGATCCAGCCATGCCGCGTGCAGGATGAAGGCCTTCGGGTTGTAAACTGCTTTTGTACGGAACGAAAAGTCTCTTTCTAATAAAGAGGGATCATGACGGTACCGTAAGAATAAGCACCGGCTAACTACGTGCCAGCAGCCGCGGTAATACGTAGGGTGCAAGCGTTAATCGGAATTACTGGGCGTAAAGCGTGCGCAGGCGGTAATGTAAGACAGATGTGAAATCCCCGGGCTCAACCTGGGAACTGCATTTGTGACTGCATTGCTGGAGTGCGGCAGAGGGGGATGGAATTCCGCGTGTAGCAGTGAAATGCGTAGATATGCGGAGGAACACCGATGGCGAAGGCAATCCCCTGGGCCTGCACTGACGCTCATGCACGAAAGCGTGGGGAGCAAACAGG";"ASV_1057_Unknown_genus_in_Unknown_phylum";71,0395406281916
"19";"TGGGGAATTTTGGACAATGGGCGCAAGCCTGATCCAGCAATGCCGCGTGCAGGATGAAGGCCTTCGGGTTGTAAACTGCTTTTGTACGGAACGAAAAGGCTCTGGTTAATACCTGGGGCTCATGACGGTACCGTAAGAATAAGCACCGGCTAACTACGTGCCAGCAGCCGCGGTAATACGTAGGGTGCGAGCGTTAATCGGAATTACTGGGCGTAAAGCGTGCGCAGGCGGTAATGCAAGACAGATGTGAAATCCCCGGGCTTAACCTGGGAACTGCATTTGTGACTGCATTGCTGGAGTGCGGCAGAGGGGGATGGAATTCCGCGTGTAGCAGTGAAATGCGTAGATATGCGGAGGAACACCGATGGCGAAGGCAATCCCCTGGGCCTGCACTGACGCTCATGCACGAAAGCGTGGGGAGCAAACAGG";"ASV_768_Pseudorhodoferax";70,8101162627309
"20";"TTAGGAATCTTCCCCAATGGGGGCAACCCTGAGGGAGCGACGCCGCGTGAGGGATGACGGTCTTCGGATTGTAAACCTCTGAAACAGAGACGAAAGGCCCGACGAGGGAGATGACGGTATCTGTGTAATAGCACCGGCTAACTCCGTGCCAGCAGCCGCGGTAATACGGAGGGTGCGAGCGTTACCCGGAATCACTGGGCGTAAAGGGCGTGTAGGCGGGAAGTCAAGTCCGATTTTGAAGACCGGGGCTCAACCTCGGGAGTGGATTGGATACTGGCTTTCTAGACCTCTGGAGAGGTAGCTGGAATTCCTGGTGGAGCGGTGGAATGCGTAGATCCCAGGAGGAACACCGATGGCGAAGGCAGGCTACTGGACAGAAGGTGACGCTGAGGCGCGAAAGTGTGGGGAGCGAACCGG";"ASV_6122_Unknown_genus_in_Unknown_phylum";70,8003149817958
